Driver,Team,AvgQualiPos_2025,AvgRacePos_2025,AvgSprintQualiPos_2025,AvgSprintPos_2025,DriverCode,QatarLapTime,AvgQualiPos_2025_z,AvgRacePos_2025_z,AvgSprintQualiPos_2025_z,AvgSprintPos_2025_z,AvgQualiPos_2025_z_inv,AvgRacePos_2025_z_inv,AvgSprintQualiPos_2025_z_inv,AvgSprintPos_2025_z_inv,QatarLapTime_z,QatarPace_z_inv,QatarPace_z_inv_filled,PerformanceScore
Lando Norris,McLaren Mercedes,3.4444444444444446,2.111111111111111,4.5,4.5,NOR,83.208,-1.4818676318691237,-1.7798750131887506,-1.1573827732089892,-1.1018399224514484,1.4818676318691237,1.7798750131887506,1.1573827732089892,1.1018399224514484,-0.5865986273480078,0.5865986273480078,0.5865986273480078,5.605776747572591
Oscar Piastri,McLaren Mercedes,2.0,2.555555555555556,2.5,2.0,PIA,84.54,-1.7757117310158614,-1.6761852692752455,-1.5431770309453188,-1.614323607312587,1.7757117310158614,1.6761852692752455,1.5431770309453188,1.614323607312587,0.4925138461271021,-0.4925138461271021,-0.4925138461271021,5.021879447106407
Max Verstappen,Red Bull Racing Honda RBPT,3.0,3.7777777777777777,3.0,10.0,VER,82.53,-1.5722812008373508,-1.3910384735131065,-1.4467284665112363,0.025624184243056937,1.5722812008373508,1.3910384735131065,1.4467284665112363,-0.025624184243056937,-1.1358765980808285,1.1358765980808285,1.1358765980808285,5.43473224944326
George Russell,Mercedes,4.666666666666667,4.777777777777778,5.0,4.0,RUS,83.4875,-1.2332303172064998,-1.15773654970772,-1.0609342087749067,-1.2043366594236762,1.2332303172064998,1.15773654970772,1.0609342087749067,1.2043366594236762,-0.3601632397081504,0.3601632397081504,0.3601632397081504,4.444868686273823
Yuki Tsunoda,Racing Bulls Honda RBPT,11.125,12.375,13.0,6.0,TSU,83.59100000000001,0.08059185686304775,0.6147100103137578,0.48224282217041214,-0.7943497115347651,-0.08059185686304775,-0.6147100103137578,-0.48224282217041214,0.7943497115347651,-0.27631328399892735,0.27631328399892735,0.27631328399892735,-0.11761977542315283
Alexander Albon,Williams Mercedes,9.555555555555555,7.625,8.5,11.0,ALB,85.707,-0.23868105855600363,-0.4934741277618279,-0.3857942577363297,0.23061765818751245,0.23868105855600363,0.4934741277618279,0.3857942577363297,-0.23061765818751245,1.4379524771672163,-1.4379524771672163,-1.4379524771672163,-1.0285594143153776
Charles Leclerc,Ferrari,5.777777777777778,4.625,5.0,5.0,LEC,83.4435,-1.0071963947859326,-1.1933798991779874,-1.0609342087749067,-0.9993431854792206,1.0071963947859326,1.1933798991779874,1.0609342087749067,0.9993431854792206,-0.395809597690809,0.395809597690809,0.395809597690809,4.1573229469398605
Lewis Hamilton,Ferrari,7.777777777777778,6.5,4.0,2.0,HAM,82.566,-0.6003353344289113,-0.7559387920428877,-1.2538313376430716,-1.614323607312587,0.6003353344289113,0.7559387920428877,1.2538313376430716,1.614323607312587,-1.106711396095014,1.106711396095014,1.106711396095014,4.802707402864279
Pierre Gasly,Alpine Renault,11.555555555555555,10.833333333333334,15.0,10.0,GAS,83.09649999999999,0.16818000180101753,0.25503621111378716,0.8680370799067418,0.025624184243056937,-0.16818000180101753,-0.25503621111378716,-0.8680370799067418,-0.025624184243056937,-0.6769297390540747,0.6769297390540747,0.6769297390540747,-0.16877043704936667
Carlos Sainz,Williams Mercedes,10.22222222222222,10.428571428571429,14.0,17.0,SAI,83.584,-0.10306070510366373,0.1606044800497021,0.6751399510385769,1.4605785018542454,0.10306070510366373,-0.1606044800497021,-0.6751399510385769,-1.4605785018542454,-0.28198429549617293,0.28198429549617293,0.28198429549617293,-1.1859671078259892
Isack Hadjar,Racing Bulls Honda RBPT,9.555555555555555,9.375,12.0,11.5,HAD,,-0.23868105855600363,-0.0851957611024016,0.2893456933022473,0.3331143951597402,0.23868105855600363,0.0851957611024016,-0.2893456933022473,-0.3331143951597402,,,0.0,-0.11184524226498602
Fernando Alonso,Aston Martin Aramco Mercedes,11.444444444444445,12.0,10.5,10.0,ALO,83.0195,0.1455766095589609,0.527221788886738,0.0,0.025624184243056937,-0.1455766095589609,-0.527221788886738,-0.0,-0.025624184243056937,-0.7393108655237302,0.7393108655237302,0.7393108655237302,0.27036879776501044
Lance Stroll,Aston Martin Aramco Mercedes,15.77777777777778,14.25,13.0,7.0,STR,84.4025,1.027108906999174,1.0521511174488576,0.48224282217041214,-0.5893562375903095,-1.027108906999174,-1.0521511174488576,-0.48224282217041214,0.5893562375903095,0.3811189774312839,-0.3811189774312839,-0.3811189774312839,-2.499735304314773
Jack Doohan,Alpine Renault,15.5,14.75,16.5,18.0,DOO,,0.9706004263940315,1.1688020793515508,1.1573827732089892,1.6655719757987009,-0.9706004263940315,-1.1688020793515508,-1.1573827732089892,-1.6655719757987009,,,0.0,-4.115470830050965
Gabriel Bortoleto,Kick Sauber Ferrari,16.0,16.142857142857142,16.5,16.5,BOR,,1.072315691483287,1.493758330366196,1.1573827732089892,1.3580817648820178,-1.072315691483287,-1.493758330366196,-1.1573827732089892,-1.3580817648820178,,,0.0,-4.326899198513188
Kimi Antonelli,Mercedes,8.444444444444445,8.142857142857142,4.0,7.0,ANT,,-0.4647149809765709,-0.37265706007689575,-1.2538313376430716,-0.5893562375903095,0.4647149809765709,0.37265706007689575,1.2538313376430716,0.5893562375903095,,,0.0,2.1276033437168334
Nico Hulkenberg,Kick Sauber Ferrari,15.666666666666666,12.5,15.0,14.0,HUL,85.783,1.0045055147571165,0.6438727507894312,0.8680370799067418,0.845598080020879,-1.0045055147571165,-0.6438727507894312,-0.8680370799067418,-0.845598080020879,1.4995234591372735,-1.4995234591372735,-1.4995234591372735,-4.797303374374338
Liam Lawson,Red Bull Racing Honda RBPT,14.88888888888889,12.857142857142858,17.0,13.5,LAW,86.635,0.8462817690627197,0.7271948664342122,1.2538313376430716,0.7431013430486512,-0.8462817690627197,-0.7271948664342122,-1.2538313376430716,-0.7431013430486512,2.189766572801532,-2.189766572801532,-2.189766572801532,-5.818026056623129
Esteban Ocon,Haas Ferrari,14.77777777777778,11.625,15.0,14.0,OCO,83.3875,0.8236783768206634,0.439733567459718,0.8680370799067418,0.845598080020879,-0.8236783768206634,-0.439733567459718,-0.8680370799067418,-0.845598080020879,-0.44117768966873916,0.44117768966873916,0.44117768966873916,-1.8894255596603549
Oliver Bearman,Haas Ferrari,16.625,12.625,16.0,14.5,BEA,,1.199459772844856,0.6730354912651045,1.0609342087749067,0.9480948169931067,-1.199459772844856,-0.6730354912651045,-1.0609342087749067,-0.9480948169931067,,,0.0,-3.2788155821475695
Franco Colapinto,Alpine Renault,17.5,14.666666666666666,10.5,9.875,COL,,1.3774614867510528,1.1493602523677684,0.0,0.0,-1.3774614867510528,-1.1493602523677684,-0.0,-0.0,,,0.0,-2.5268217391188212
